x,order1,order2,order3
0,83.71,101.39120340224302,143.36000000000004
1,83.66,101.37552001488358,143.38000000000002
2,83.61,101.36,143.39927558207006
3,83.56,101.35,143.41713240940467
4,83.51,101.34,143.43498923673928
5,83.4624411674957,101.33,143.45318180048355
6,83.41754771635419,101.32000000000001,143.47196545972778
7,83.37,101.31,143.49074911897202
8,83.32,101.3,143.51000000000002
9,83.27,101.28872953623151,143.53
10,83.2224747322425,101.27427638465431,143.55
11,83.17752485657908,101.26,143.56921622436633
12,83.13,101.25,143.58727448456287
13,83.08247013810963,101.24,143.6053327447594
14,83.03753516327448,101.2264551383605,143.6236149111226
15,82.99,101.21199752795344,143.6422052537472
16,82.94244891864143,101.19999999999999,143.66079559637177
17,82.89756158743181,101.19,143.68
18,82.85,101.17861850565286,143.70000000000002
19,82.80241257740742,101.16415657389304,143.72000000000003
20,82.75760264544907,101.14994756558214,143.74
21,82.71238066445942,101.1391813865514,143.76000000000002
22,82.6676374415522,101.12841520752066,143.78
23,82.62234308711885,101.11521892327318,143.7984691283395
24,82.5776776996321,101.10151914861818,143.81512725407288
25,82.53230024738716,101.08829202073086,143.83178537980626
26,82.48772302332968,101.07539416557162,143.85000000000002
27,82.442252536017,101.06296255871098,143.87
28,82.39777302746279,101.05139120643057,143.89
29,82.35220033265581,101.03942512207999,143.91
30,82.30782733788311,101.02441065335204,143.93
31,82.26214400598828,101.00939618462408,143.95
32,82.21788559133421,100.9953322533562,143.9691695647263
33,82.17208391387786,100.98139930938811,143.9874172864946
34,82.1279474353104,100.96711586695241,144.00566500826292
35,82.08202040350743,100.95263884656345,144.02399430478883
36,82.04,100.93848830735185,144.04241397961763
37,81.99804618848114,100.92480645816343,144.06083365444647
38,81.9519194622702,100.91084034466724,144.08
39,81.91,100.89556147393021,144.1
40,81.86815114365965,100.8802826031932,144.11999999999998
41,81.82181267738052,100.86575663342744,144.14
42,81.78,100.85127324989567,144.16
43,81.73826124294777,100.83835108946958,144.18
44,81.69170108964532,100.82604816406041,144.2
45,81.65,100.81218353637486,144.22
46,81.60837547937726,100.79667105877712,144.23999999999998
47,81.56158568928461,100.78115911264025,144.26
48,81.52,100.76564869354534,144.28
49,81.47849289588454,100.7501653887932,144.3
50,81.43146741695301,100.73553533505323,144.31853812590472
51,81.39,100.72090528131325,144.33522031918775
52,81.35,100.7063848651589,144.35190251247076
53,81.30865283524963,100.6918910956949,144.37
54,81.26130678803305,100.67739614719102,144.39
55,81.22,100.66290034199996,144.41
56,81.17877422277846,100.64701766868596,144.43
57,81.13118520166199,100.62861385173936,144.45
58,81.09,100.61064582061499,144.47
59,81.05,100.59555380708538,144.49
60,81.01,100.58046179355577,144.51000000000002
61,80.96897691159059,100.56590632202065,144.53
62,80.92098274251089,100.55140436233528,144.55
63,80.88,100.53525171467736,144.57000000000002
64,80.84,100.51835069214886,144.59
65,80.79913744451213,100.5021078434317,144.61
66,80.75082285868342,100.48661380756076,144.63000000000002
67,80.71,100.47112026657209,144.65
68,80.67,100.45562822210871,144.67
69,80.63000000000001,100.44013623987959,144.69
70,80.58933347670958,100.42464625558718,144.70999999999998
71,80.54062816356986,100.40915627129476,144.73
72,80.5,100.39366790341359,144.75
73,80.46,100.37817990751981,144.77
74,80.42,100.36166629934473,144.79
75,80.37952175006144,100.34445924002414,144.81
76,80.33044175135612,100.32684378179059,144.82999999999998
77,80.29,100.30856556207898,144.85060286392863
78,80.25,100.29075397911663,144.87327176674506
79,80.21,100.27527188711862,144.8959406695615
80,80.17,100.25978979512061,144.91822176130268
81,80.12973394498123,100.24430962311983,144.9388459113851
82,80.08023239425417,100.22882954481,144.95947006146753
83,80.04,100.211576377599,144.98
84,80.0,100.193703612877,145.0
85,79.96,100.17597299106428,145.01999999999998
86,79.92,100.15836864009243,145.04
87,79.87992765817785,100.14128583743076,145.05999999999997
88,79.83004208124727,100.12531626925082,145.07999999999998
89,79.79,100.10900899846686,145.1
90,79.75,100.0899536473028,145.11999999999998
91,79.71,100.07089829613875,145.14
92,79.67,100.0546675261036,145.1600648125975
93,79.62990220127925,100.03874781322251,145.1833448277973
94,79.58012303675486,100.02161329289392,145.2066248429971
95,79.54,100.00394089708735,145.22990485819687
96,79.5,99.98620879915619,145.25
97,79.46,99.96841364883068,145.27
98,79.42,99.95117605450592,145.29
99,79.38,99.93536850343328,145.31
100,79.33974400296734,99.91926993717213,145.33
101,79.29027519908003,99.89961295059697,145.35
102,79.25,99.87995596402183,145.37283298647884
103,79.21,99.86395641602651,145.3961048427645
104,79.16999999999999,99.84849556714458,145.41937669905016
105,79.13,99.83,145.44
106,79.08964077597288,99.81,145.46
107,79.04037370361132,99.7915570137236,145.48000000000002
108,79.0,99.77489526739345,145.502451710077
109,78.96,99.7576678818766,145.52571812023365
110,78.92,99.7388729967369,145.54898453039033
111,78.88,99.7200396709973,145.57000000000002
112,78.8395650262814,99.70065171978496,145.59
113,78.79044505777458,99.6812637685726,145.61
114,78.75,99.66475247584029,145.63203840795452
115,78.71,99.6486886657339,145.6552993634245
116,78.67,99.63,145.67856031889445
117,78.63,99.61,145.7
118,78.59,99.59213588505087,145.72
119,78.54950906053247,99.57668802861316,145.74
120,78.50049620147405,99.56,145.76159308682765
121,78.46,99.53999999999999,145.78484857905505
122,78.42,99.52004130742692,145.8081040712825
123,78.38,99.50058094947592,145.83089206615082
124,78.34,99.48112059152491,145.8530281299678
125,78.29948744187497,99.46472638706649,145.87516419378477
126,78.25051386233795,99.44874417323736,145.89694997833814
127,78.21,99.43,145.91806573230008
128,78.17,99.41,145.93918148626202
129,78.13,99.3915738186462,145.96086508554876
130,78.09,99.37475851772986,145.98411236687437
131,78.04948932100656,99.3573976929393,146.00735964819995
132,78.00050811143758,99.33877475892669,146.03060641717656
133,77.96,99.32,146.05385095725913
134,77.92,99.3,146.07709549734173
135,77.88,99.28,146.10033974990992
136,77.83950857586235,99.26419938008404,146.1235815466121
137,77.79048564676444,99.24876599940775,146.14682334331425
138,77.75,99.22999999999999,146.17006508445868
139,77.71,99.21,146.19330411624182
140,77.67,99.19,146.21654314802495
141,77.63,99.17,146.2397821798081
142,77.5895529265262,99.15,146.26301864260452
143,77.54043740857473,99.13,146.2862549201848
144,77.5,99.11075652511668,146.3094911977651
145,77.46,99.09533014721664,146.33272515723525
146,77.42,99.07990376931662,146.35595868426898
147,77.38,99.06,146.37919221130275
148,77.33962081473298,99.04,146.40242367331874
149,77.29036553637712,99.02000000000001,146.42565444766862
150,77.25,99.0,146.44888522201853
151,77.21,98.98278665849575,146.4721141920979
152,77.17,98.96736551254136,146.49534221162696
153,77.12969588043974,98.95,146.51857023115602
154,77.08028703545732,98.92999999999999,146.5427731345578
155,77.04,98.91,146.56775115713464
156,77.0,98.89,146.5927291797115
157,76.96,98.87,146.61705751421118
158,76.91978838660367,98.85000000000001,146.6406125072555
159,76.8701909557737,98.83,146.6641675002998
160,76.83,98.81402479145895,146.6880060865347
161,76.79,98.79861050842928,146.71236360636024
162,76.75,98.78,146.7367211261858
163,76.70989908488933,98.76,146.76148192807594
164,76.66007651591951,98.74,146.7874686289054
165,76.61999999999999,98.72,146.8134553297349
166,76.58,98.7,146.83910625510293
167,76.54,98.67999999999999,146.86267782833792
168,76.5,98.66073352194877,146.88624940157288
169,76.45994343236403,98.6453259310869,146.9098211303303
170,76.4100849030053,98.62991834022505,146.93339828805682
171,76.37,98.61,146.95697544578337
172,76.33,98.59,146.98055260350992
173,76.29,98.57000000000001,147.00647322106934
174,76.24979724949493,98.55,147.0326144436469
175,76.20023327186311,98.53,147.0587556662245
176,76.16,98.50999999999999,147.0851125939662
177,76.12,98.49209011220441,147.11152433390234
178,76.07967284266537,98.47668915133879,147.1379360738385
179,76.03035917877402,98.46,147.16313614014626
180,75.99,98.44,147.18776101969803
181,75.95,98.42,147.2123858992498
182,75.91000000000001,98.4,147.23720831608557
183,75.86950949502585,98.38,147.26218840076405
184,75.82052407134906,98.36102464488599,147.28716848544252
185,75.78,98.34212207289698,147.3127590442808
186,75.74,98.32505528451031,147.33915412257764
187,75.7,98.3085630359288,147.36554920087445
188,75.65933918831531,98.29,147.39194258804477
189,75.61069553600426,98.27,147.41833210392716
190,75.57,98.25,147.44472161980957
191,75.53,98.22999999999999,147.4710873854439
192,75.49,98.21105935352205,147.49734032701923
193,75.44916389852398,98.19529630628048,147.52359326859457
194,75.40087157650967,98.17922036472208,147.5498691077995
195,75.36,98.15959387955718,147.57667994553694
196,75.32,98.13996739439229,147.60349078327437
197,75.28,98.12,147.63030162101177
198,75.23898570008089,98.1,147.6571149939635
199,75.19105009956888,98.08,147.68392863173352
200,75.15,98.06,147.71074226950358
201,75.11,98.04267017552772,147.73755804773106
202,75.07,98.02728684011296,147.76437447601418
203,75.02880675906748,98.01,147.79119090429728
204,74.98122892156788,97.99,147.8180090805583
205,74.94,97.97,147.8448283014866
206,74.9,97.95,147.8716475224149
207,74.86,97.93038060271616,147.89898187678088
208,74.81862932661791,97.91500192577709,147.92686975483878
209,74.7714057751376,97.89962324883803,147.95475763289664
210,74.73,97.88,147.98299672997882
211,74.69,97.86,148.01193180567932
212,74.64849002994893,97.83999999999999,148.0408668813798
213,74.60154426749568,97.82,148.06941003407354
214,74.56,97.80156014303198,148.0962376457248
215,74.52000000000001,97.78419160554817,148.12306525737608
216,74.48,97.76654870492955,148.15
217,74.43832123280146,97.74854381291122,148.18
218,74.39171162109547,97.73,148.21
219,74.35,97.71,148.24
220,74.31,97.69050840334828,148.26721722544198
221,74.27,97.67513884805993,148.29405048610278
222,74.22816064596947,97.65976929277159,148.3208837467636
223,74.18187026564956,97.64,148.35
224,74.14,97.62,148.38
225,74.1,97.6,148.41
226,74.06,97.58,148.44
227,74.01801078683064,97.5629341347275,148.47
228,73.97201767214554,97.54756906205887,148.5
229,73.93,97.53,148.52874654569803
230,73.89,97.50999999999999,148.555588231383
231,73.85,97.49123777649892,148.58242991706797
232,73.81,97.47512197075726,148.61
233,73.76784874321218,97.45849748392077,148.64000000000001
234,73.72217608419108,97.43925138511322,148.67
235,73.68,97.42000480905735,148.7
236,73.64,97.40069064795505,148.73
237,73.6,97.38137648685276,148.76
238,73.55773161347886,97.36484938037943,148.79
239,73.51228960301981,97.34880558223219,148.82
240,73.47000000000001,97.33,148.85
241,73.43,97.31,148.88
242,73.39,97.2925298693228,148.91
243,73.34763361561757,97.27717498754723,148.94
244,73.30238344977397,97.26,148.97
245,73.25999999999999,97.24000000000001,149.00168911594233
246,73.22,97.22111408296233,149.03483329534555
247,73.18,97.20576203881004,149.06797747474874
248,73.14,97.19,149.1
249,73.09754509837279,97.17,149.13
250,73.05246626264226,97.14999999999999,149.16
251,73.00999999999999,97.13435961140496,149.19000697085912
252,72.97,97.1190104239744,149.2200471717577
253,72.93,97.1,149.25008737265628
254,72.89,97.08,149.28012757355486
255,72.8474927992548,97.06296763583691,149.3131839229789
256,72.80251205879365,97.04762123216119,149.34627940706147
257,72.76,97.03,149.37937489114404
258,72.72,97.01,149.41098496067357
259,72.67999999999999,96.99158592922232,149.44221915783282
260,72.64,96.97624228302178,149.4734533549921
261,72.59748153202135,96.96085753396828,149.50508917975196
262,72.55251601595636,96.94530091026562,149.53698608240268
263,72.51,96.92954967137072,149.56888298505336
264,72.47,96.90976408182884,149.60128568769312
265,72.43,96.88997849228694,149.6344128358457
266,72.39,96.87419298614965,149.6675399839983
267,72.34751615678226,96.85885346975745,149.70066652679583
268,72.302473267384,96.84137467079682,149.73379083737734
269,72.26,96.8231978682183,149.76691514795885
270,72.22,96.8056398729929,149.8000394220056
271,72.17999999999999,96.78847932513769,149.8331608397782
272,72.14,96.77216642142804,149.86628225755084
273,72.1,96.75683093154065,149.89940367532347
274,72.05762108715388,96.7412305564997,149.93252279069932
275,72.0123578243975,96.7250688495046,149.96564136234235
276,71.97,96.70837318969197,149.9987599339854
277,71.93,96.68920097049424,150.0318767920668
278,71.89,96.67016215123198,150.06499251896741
279,71.85,96.65483065989822,150.09810824586802
280,71.81,96.63949916856447,150.1322251330127
281,71.77,96.62416885477317,150.16788939856073
282,71.72783568041369,96.60883868248763,150.20355366410877
283,71.68212984658226,96.59136692762443,150.23885838879698
284,71.64,96.57318630854014,150.27252938902512
285,71.6,96.55563643881712,150.30620038925323
286,71.56,96.53848897940851,150.33987138948135
287,71.52,96.52219799968557,150.37375817169686
288,71.48,96.50687171556262,150.40765278812475
289,71.44,96.49124962881056,150.44154740455264
290,71.4,96.47502877414334,150.47658210925397
291,71.35821179346797,96.45910390174349,150.51200386658914
292,71.31173692667414,96.44442762618182,150.54742562392434
293,71.27,96.42950256366767,150.58276757806522
294,71.23,96.41014742525577,150.6180373804935
295,71.19,96.39079228684388,150.6533071829218
296,71.15,96.37571740446391,150.68906784369022
297,71.11,96.36103855727335,150.7259692926576
298,71.07,96.34635873233692,150.76287074162497
299,71.03,96.3316786284543,150.79973671229789
300,70.98874656580652,96.31551217377908,150.83615560302948
301,70.94118349953288,96.29851445101819,150.87257449376105
302,70.9,96.28236561383247,150.90899338449262
303,70.86,96.26704821174117,150.94521550831325
304,70.82,96.25173126700436,150.98140103594918
305,70.78,96.23641510225717,151.01758656358513
306,70.74,96.2210992263091,151.05376859638545
307,70.7,96.20578429246672,151.08994839314136
308,70.66,96.19046948220061,151.12612818989726
309,70.62,96.17515578187775,151.16230584474403
310,70.58,96.15984208155488,151.19847990638738
311,70.54,96.14452958387672,151.23465396803073
312,70.5,96.12921712813844,151.27124087795022
313,70.45983271947595,96.11390568125704,151.31049327215342
314,70.41006716213586,96.09859443664759,151.34974566635663
315,70.37000023633637,96.08328403560988,151.38899806055983
316,70.33,96.06797399571266,151.4264670775757
317,70.29,96.05266463646507,151.46371952035514
318,70.25,96.03735579486836,151.50097196313456
319,70.21,96.02204747334586,151.5380106346349
320,70.17,96.00673982364277,151.57493228738406
321,70.13,95.99143253576908,151.61185394013324
322,70.09,95.9761260715576,151.65
323,70.05,95.96160308748928,151.69
324,70.01,95.95078327424415,151.73000000000002
325,69.97,95.93977292548922,151.77
326,69.93,95.92467813125786,151.81
327,69.89,95.90958333702649,151.85
328,69.85,95.89429810219282,151.89
329,69.81,95.87899518911672,151.92726310912224
330,69.77,95.86369318747123,151.9641934692021
331,69.73,95.8483914338612,152.00112382928197
332,69.69,95.83454389441933,152.04
333,69.65,95.82145345586797,152.08
334,69.61,95.80751015507843,152.12
335,69.57,95.79280960887804,152.16
336,69.53,95.77810860393576,152.20000000000002
337,69.49,95.76340691738163,152.24
338,69.45,95.74889788631097,152.2803344625672
339,69.41,95.7348957883132,152.32339540116152
340,69.37,95.72138557182818,152.36645633975584
341,69.33,95.7106846812613,152.40951727835017
342,69.29,95.69988006266584,152.45
343,69.25,95.68469397090122,152.48999999999998
344,69.21,95.6695078791366,152.53
345,69.17,95.6551845347665,152.57
346,69.13,95.64095943122967,152.60999999999999
347,69.09,95.62636160988009,152.65
348,69.05,95.61165428669571,152.69091266150912
349,69.01,95.59854861079549,152.733964890523
350,68.97,95.58631078688565,152.77701711953688
351,68.93,95.573950518698,152.82006928113364
352,68.89,95.56147934279079,152.86311854292572
353,68.85000000000001,95.5481093459926,152.90616780471782
354,68.81,95.53339873636024,152.9492170665099
355,68.77,95.52,152.99122123098195
356,68.72999999999999,95.51,153.03286435257615
357,68.69,95.49926427218011,153.07450747417033
358,68.65,95.48455150320271,153.117196206763
359,68.61,95.46983869689662,153.1611093014334
360,68.57,95.45512483704016,153.2050223961038
361,68.53,95.44041097718369,153.24887588357498
362,68.49,95.42999999999999,153.29244814195226
363,68.45,95.42,153.33602040032952
364,68.41,95.40626543900592,153.37959265870677
365,68.37,95.39154945036137,153.42269119183592
366,68.33,95.38,153.46572875406122
367,68.29,95.37,153.5087663162865
368,68.25,95.35852204131405,153.55180215057328
369,68.21,95.34584202434502,153.59483680311212
370,68.17,95.33343911621711,153.63787145565098
371,68.13,95.32140060060263,153.6818103398808
372,68.09,95.31,153.72787336036453
373,68.05,95.30000000000001,153.77393638084826
374,68.01,95.28908240866353,153.81999907888115
375,67.97220569831799,95.27436122859609,153.86394158786285
376,67.93784019795578,95.26,153.90788409684455
377,67.9,95.25,153.95182660582623
378,67.86,95.24,153.99788659471207
379,67.82,95.22547235594665,154.04486076608086
380,67.78,95.21074911692205,154.09183493744965
381,67.74,95.2,154.1377222432351
382,67.7,95.19,154.1819348952885
383,67.66000000000001,95.18,154.2261475473419
384,67.62,95.17,154.2705747468089
385,67.58,95.16000000000001,154.3172966024154
386,67.54,95.15,154.36401845802195
387,67.5,95.13767175308747,154.41074031362845
388,67.4613564137844,95.12294452565243,154.45766435332823
389,67.4287322283722,95.11,154.50464737239014
390,67.39,95.1,154.55163039145202
391,67.35,95.09,154.5988111904949
392,67.31,95.08,154.6462245448785
393,67.27000000000001,95.07,154.6936378992621
394,67.23,95.06,154.74135750486172
395,67.19,95.05,154.79093051767256
396,67.15,95.04,154.8405035304834
397,67.11,95.03,154.89007654329424
398,67.07031300117956,95.02000000000001,154.93753113531008
399,67.0398108970641,95.01,154.98452302585324
400,67.0,95.0,155.03151491639636
401,66.96,94.99000000000001,155.08
402,66.92,94.98,155.13
403,66.88,94.97,155.17999999999998
404,66.83999999999999,94.96000000000001,155.23
405,66.8,94.95,155.28
406,66.76067628229148,94.94,155.32999999999998
407,66.72921183460646,94.93,155.38
408,66.69,94.92,155.42748694657544
409,66.65,94.91,155.47448773238955
410,66.61,94.9,155.52148851820368
411,66.57,94.89,155.57125835535624
412,66.52999999999999,94.88,155.62375659277774
413,66.49,94.87,155.6762548301992
414,66.45147878138486,94.86,155.72842051445062
415,66.41843603711521,94.85,155.7789180540252
416,66.38,94.84,155.82941559359978
417,66.34,94.83,155.87991313317437
418,66.3,94.82,155.93
419,66.26,94.81,155.98
420,66.2219379732505,94.8,156.03
421,66.18799774759933,94.79330637657515,156.08143767801255
422,66.15,94.78804860139424,156.13442502564246
423,66.11,94.78,156.18741237327237
424,66.07,94.77,156.24008665995328
425,66.02999999999999,94.76,156.29073432036958
426,65.99,94.75,156.34138198078588
427,65.95231257202722,94.74129873269902,156.39202964120219
428,65.91764845252959,94.73478761943686,156.44533131933963
429,65.88,94.7276855110795,156.49936861479156
430,65.83999999999999,94.71894170284286,156.55340591024347
431,65.8,94.71,156.60625965304797
432,65.76,94.7,156.65753678326448
433,65.72249063391568,94.69024093510066,156.70881391348095
434,65.68749284133074,94.68498836559965,156.76042421383923
435,65.65,94.67973579609865,156.8163749421963
436,65.61,94.67,156.87232567055338
437,65.57,94.66,156.92827639891047
438,65.53253498527168,94.6510643151023,156.98211144781214
439,65.49746771937849,94.64233388983922,157.0350838334478
440,65.46000000000001,94.63522309521647,157.08805621908346
441,65.42,94.62870325167023,157.1420551556361
442,65.38,94.62142331716247,157.1979939919823
443,65.33999999999999,94.61369195688872,157.25393282832852
444,65.30245987159142,94.60607236733159,157.30987166467474
445,65.26756651392267,94.59855493461001,157.36404210059573
446,65.23,94.59136302322152,157.41817347822501
447,65.19,94.58462450822428,157.47230485585428
448,65.14999999999999,94.57733061304788,157.52820045524038
449,65.11228767173574,94.56882179262195,157.5852370600278
450,65.07775893750218,94.56099778449504,157.64227366481524
451,65.04,94.55575180378904,157.69921093230323
452,65.0,94.55050425465731,157.75582073891164
453,64.96,94.54524353297498,157.81243054552002
454,64.92201348513488,94.53996892328819,157.86904035212842
455,64.88805377932701,94.53045768267091,157.92505597989643
456,64.85,94.52094644205364,157.9809706897104
457,64.80999999999999,94.51485197952083,158.03688539952438
458,64.77,94.50913508365734,158.0940720052587
459,64.73163517992478,94.50379652956862,158.152673358476
460,64.69845315844091,94.49855370865896,158.21127471169325
461,64.66,94.49331142359554,158.26973848087513
462,64.62,94.48806937260522,158.3267871546277
463,64.58125617867509,94.48143418388266,158.38383582838028
464,64.54884931164571,94.47384769557803,158.44088450213286
465,64.51,94.46765442547421,158.49793527834373
466,64.47,94.46289495496893,158.55498695430651
467,64.43,94.45681305132797,158.61203863026927
468,64.39068529231179,94.44867786129566,158.67
469,64.3594419932295,94.44138547108166,158.73
470,64.32,94.43614643864605,158.79
471,64.28,94.43090754712975,158.85
472,64.24014965706492,94.42566925406778,158.91
473,64.20999534089123,94.42043501781038,158.97
474,64.1699999344057,94.41524154855877,159.03
475,64.13,94.41004807930716,159.09
476,64.09041934015698,94.40528091219097,159.15
477,64.05944759313259,94.40051772850688,159.21
478,64.02,94.39575390239395,159.27
479,63.98,94.39098999793755,159.33
480,63.94092657026992,94.38622552731792,159.39
481,63.908957108983145,94.38146090817834,159.45
482,63.87,94.37669579770888,159.51207262635583
483,63.83,94.37193046997226,159.57500581047142
484,63.79136642490565,94.36716472431543,159.63793899458702
485,63.758534259958225,94.36239869406498,159.70010057456892
486,63.72,94.35763231788884,159.76043881227997
487,63.68,94.35286559120486,159.82077704999102
488,63.6417378757937,94.34867141332664,159.88111528770207
489,63.608180067455024,94.3453402411838,159.94344465581582
490,63.57,94.3414364510458,160.00603386010278
491,63.53,94.33620455236752,160.06862306438975
492,63.49203992211212,94.33184147662455,160.13136906213384
493,63.457895525452834,94.33086868458601,160.1942931511696
494,63.42,94.32948957696611,160.2572172402054
495,63.38,94.32472012529338,160.32019414479927
496,63.34227159035913,94.31995066659807,160.38421098288748
497,63.30768160064522,94.3151805359002,160.44822782097566
498,63.27,94.31041040520232,160.51224465906384
499,63.23,94.30563967011219,160.5767141276285
500,63.1924319342093,94.30086887812725,160.64145536303215
501,63.157539232587794,94.3,160.7061965984358
502,63.12,94.3,160.77115315978415
503,63.08,94.29655419262988,160.83698297927305
504,63.0425200343544,94.29178209938586,160.90281279876194
505,63.00746933386119,94.28859847128403,160.96864261825084
506,62.97,94.28636160190102,161.03372403580323
507,62.93253816165416,94.28396568954618,161.09857831388743
508,62.8974650016708,94.28142948648309,161.16343259197163
509,62.86,94.27862859210929,161.22892999719434
510,62.82,94.27548581015768,161.2957160338253
511,62.782497703862745,94.27285943855861,161.36250207045626
512,62.74752403967706,94.27122800776388,161.4292881070872
513,62.71,94.26900001004815,161.4952017757424
514,62.67241842724974,94.26495608028438,161.56101320240137
515,62.63761738789731,94.2614194517535,161.6268246290603
516,62.6,94.26068804739623,161.69263332026026
517,62.56,94.25971685584565,161.7584387163489
518,62.52224682068075,94.25494039404414,161.82424411243755
519,62.48780793328786,94.25016393224263,161.89008506930952
520,62.45,94.25,161.96006034174806
521,62.41206824989436,94.25,162.03003561418663
522,62.37800083714792,94.25,162.10001088662517
523,62.34,94.25,162.16837869626457
524,62.3,94.24627644778703,162.23548215177084
525,62.26176304414118,94.24149819898345,162.30258560727708
526,62.228325320443396,94.24,162.37
527,62.19,94.24,162.44
528,62.15148339343583,94.24,162.51000000000002
529,62.11861955089682,94.24,162.58
530,62.08,94.24,162.65
531,62.04,94.24,162.72000000000003
532,62.001042276307764,94.23804227906605,162.79000000000002
533,61.96908026473628,94.2332617428862,162.86
534,61.93,94.23,162.93
535,61.890659862709185,94.23,163.0
536,61.85947749022709,94.23,163.07
537,61.82,94.23,163.14155202094554
538,61.78023291774312,94.23,163.21368384146834
539,61.74991934219712,94.23,163.2858156619911
540,61.709999391435865,94.23,163.35758742789838
541,61.67022811086902,94.23,163.42833900471769
542,61.63962400390882,94.23,163.49909058153702
543,61.599999999999994,94.23,163.56984215835632
544,61.559999999999995,94.23,163.6422735907506
545,61.52079090927582,94.23,163.7151516046781
546,61.489080405620115,94.23,163.78802961860563
547,61.45,94.23,163.8609066614793
548,61.411162467471655,94.23,163.9337815962901
549,61.378723366917775,94.23,164.0066565311009
550,61.34,94.23,164.07953146591169
551,61.30149036723485,94.23,164.15240378831814
552,61.26841008600567,94.23,164.22527560208093
553,61.23,94.23,164.29814741584374
554,61.19177431316086,94.23,164.37203627592862
555,61.15814085562594,94.23197452380455,164.44777375176258
556,61.12,94.23676086360356,164.52351122759652
557,61.08201401780576,94.24,164.59924870343045
558,61.047915960586884,94.24,164.67403591849515
559,61.01,94.24,164.74867995225446
560,60.972209201605445,94.24,164.82332398601375
561,60.937735677844174,94.24,164.8987901575384
562,60.9,94.24,164.9756012114576
563,60.86235959279326,94.2402714487987,165.05241226537677
564,60.82760027658396,94.24505971805851,165.129223319296
565,60.79,94.24984798731835,165.20506663345225
566,60.75246492731581,94.25,165.28078539038054
567,60.71751001830756,94.25,165.3565041473088
568,60.68,94.25087667378482,165.4323452259306
569,60.642524948747024,94.25187286923547,165.50837867389254
570,60.607465156917954,94.25508439988336,165.58441212185448
571,60.57,94.25887776628694,165.66044556981643
572,60.532539408200655,94.26,165.74
573,60.49746593880789,94.26,165.82
574,60.46,94.2629534770251,165.9
575,60.42250806424105,94.26774402413244,165.9789091078116
576,60.38751260294954,94.27,166.0560590538315
577,60.35,94.27,166.13320899985135
578,60.31243068279246,94.27211695935563,166.21035894587123
579,60.27760538098582,94.2769083733174,166.29000000000002
580,60.24,94.28124456664978,166.37
581,60.20230703704668,94.28475279035239,166.45000000000002
582,60.167744497323184,94.2876651264882,166.53
583,60.13219879540837,94.28894885332639,166.61
584,60.09786309263072,94.2907861242815,166.69000000000003
585,60.06,94.29512513934831,166.77
586,60.02199755792361,94.2990963857748,166.85000000000002
587,59.98807991879568,94.29955007866924,166.93
588,59.95,94.30004295067698,167.01
589,59.91174948613214,94.30520961855598,167.0909213308108
590,59.878343647022334,94.31037628643497,167.1737588511197
591,59.84,94.31485502861905,167.25659637142854
592,59.801454379059926,94.31927569262186,167.33943389173743
593,59.76865447600113,94.32400874663026,167.42000000000002
594,59.73123141414299,94.32880301399247,167.5
595,59.69888795744948,94.33120636648435,167.58
596,59.66,94.33281414827637,167.66097137553407
597,59.62085748679873,94.33681288166059,167.74453777726265
598,59.589277710835326,94.34201785526494,167.82810417899123
599,59.55,94.3472226142344,167.9116705807198
600,59.5104360213002,94.35242721725304,167.9958125379414
601,59.47971506192124,94.35763164019934,168.08015636548984
602,59.44000042346775,94.36283587858424,168.16450019303826
603,59.40003294408498,94.36671430675813,168.2486515894925
604,59.369807403489915,94.36867433637207,168.33205385749298
605,59.33034706531552,94.37155238437379,168.41545612549345
606,59.29950365689521,94.37634885740667,168.49885839349395
607,59.26,94.38114541324742,168.58352378043625
608,59.220779296468756,94.38594223306731,168.66882702705172
609,59.18908704233095,94.39073910540107,168.7541302736672
610,59.15,94.39553626606198,168.83951480169088
611,59.11116461379163,94.40066690015695,168.92549196251275
612,59.07871740516524,94.41026189353347,169.01146912333465
613,59.041395335415665,94.41985688691,169.09744628415652
614,59.00849717120185,94.4247262692425,169.18322516581895
615,58.97,94.42952410001297,169.26885614131257
616,58.93170204742513,94.43432222154651,169.35448711680618
617,58.89820624040192,94.43912037509679,169.4401495035918
618,58.86188019842855,94.44496636998447,169.52727825849894
619,58.828038642421475,94.45104758258216,169.6144070134061
620,58.79,94.4564840440262,169.70153576831322
621,58.752107811875725,94.4616852627339,169.79
622,58.71782690526357,94.46688628357605,169.88
623,58.68223307334268,94.47208719731896,169.97
624,58.64771225825673,94.47859375529136,170.06
625,58.61,94.48610519849225,170.1474597224657
626,58.572381124501995,94.49370214713124,170.234653784614
627,58.53758017266422,94.50139117752381,170.32184784676235
628,58.502453196914225,94.50808955933785,170.41
629,58.46751877233859,94.51328959379595,170.5
630,58.43,94.51883911585472,170.59
631,58.392521250726055,94.52514982286418,170.68
632,58.357466767741926,94.5320572377193,170.77
633,58.32253985338699,94.54094622022461,170.86
634,58.28745889109954,94.54928789841115,170.95000000000002
635,58.25,94.55448710697324,171.0405638614309
636,58.21252750258772,94.55999449924653,171.13336027083184
637,58.17748736930858,94.56991031283263,171.2261566802328
638,58.14249237303857,94.57982612641875,171.31895308963377
639,58.10753327523143,94.58519023873683,171.41
640,58.07,94.59047311255419,171.5
641,58.03239923727878,94.6,171.59
642,57.997642611319556,94.61,171.68019563282604
643,57.962310130706896,94.61607667569619,171.7744884515583
644,57.92774254116273,94.62127486171894,171.86878127029058
645,57.89219936861721,94.63000000000001,171.96307408902283
646,57.8578641443416,94.64,172.0572653195671
647,57.82,94.64865262832122,172.15133794768332
648,57.7819925442983,94.65658630288247,172.24541057579953
649,57.748087262554,94.66413839803917,172.33948320391576
650,57.711827490951954,94.67140230668835,172.43243041073947
651,57.67826319924945,94.68,172.5252140515365
652,57.64164066283927,94.69000000000001,172.61799769233352
653,57.60846092672184,94.7,172.7118073784396
654,57.57,94.71,172.80824649149332
655,57.53131952375655,94.71882194646446,172.904685604547
656,57.49879844377541,94.72517787064668,173.00112471760073
657,57.4610781218989,94.732133454025,173.09635850590607
658,57.429050782855015,94.74097431837909,173.19103582634446
659,57.390814838387946,94.75,173.28571314678285
660,57.35932501788797,94.76,173.3805838996772
661,57.32,94.77,173.47757830470124
662,57.280378823232866,94.78,173.5745727097253
663,57.24977748611094,94.79,173.67156711474934
664,57.21006007978119,94.80000000000001,173.7686738719635
665,57.17989624137469,94.81,173.86590302833966
666,57.14026480989344,94.82000000000001,173.96313218471582
667,57.1095801992437,94.83,174.06036134109198
668,57.07056936099279,94.84,174.16
669,57.039286513319816,94.85000000000001,174.26
670,57.00085217395652,94.86,174.36
671,56.96901458097989,94.87,174.46
672,56.93,94.88000000000001,174.56
673,56.89123556760099,94.89,174.66
674,56.85864753618812,94.9,174.76000000000002
675,56.821463903196275,94.91000000000001,174.86
676,56.78843011775362,94.92,174.96
677,56.75167039751164,94.93,175.06
678,56.718234554401754,94.94,175.16
679,56.6818550231686,94.95,175.26
680,56.64806087305923,94.96165788627069,175.36
681,56.61201775368803,94.97646310770388,175.46
682,56.577909099761676,94.99,175.56107810943706
683,56.54215856347373,95.0,175.6638328276454
684,56.50777925967003,95.01,175.76658754585372
685,56.47227742779589,95.02,175.86934226406208
686,56.437671377087106,95.03,175.97182886780408
687,56.402374322774506,95.03999999999999,176.07423137521278
688,56.367585475474215,95.05010127737206,176.17663388262147
689,56.33,95.06490699614407,176.27912444718046
690,56.29247842253226,95.0797127149161,176.38222123294653
691,56.25749788666931,95.08999999999999,176.4853180187126
692,56.22252029510419,95.1,176.58841480447867
693,56.187467034752196,95.1141302818665,176.69267976689648
694,56.152540121204986,95.12893621324145,176.79816978908352
695,56.117458239532894,95.14,176.90365981127056
696,56.08253788057289,95.15,177.0091498334576
697,56.04747152089204,95.16335434103786,177.1141759236139
698,56.012513553704224,95.17816046083223,177.21911700692505
699,55.97750689796059,95.19000000000001,177.32405809023618
700,55.94246712183652,95.2,177.42921237220364
701,55.907564389136674,95.21257908623484,177.5352311191174
702,55.87239856693178,95.22738537082851,177.6412498660312
703,55.83764401210243,95.24136888405894,177.74726861294494
704,55.802307871659536,95.25437083696467,177.8531519173617
705,55.767745783840844,95.26692321549248,177.95892268591422
706,55.732195019380015,95.27872764611645,178.0646934544667
707,55.7,95.29141730037918,178.17046422301917
708,55.66794000587284,95.30622378788999,178.28
709,55.6319841618264,95.32089237949714,178.39000000000001
710,55.598097219408274,95.33505554878619,178.50000000000003
711,55.561815848609314,95.34874758102995,178.60937270540504
712,55.52827663589573,95.35939096176658,178.7166439852898
713,55.4916253253401,95.37025656964146,178.82391526517458
714,55.45847826938182,95.38506320717663,178.93118654505935
715,55.42141257827718,95.39986984471179,179.04
716,55.38870213330742,95.41467651965709,179.15
717,55.35117759427615,95.4294831956436,179.26
718,55.31894824052464,95.44428990019671,179.37
719,55.280920360772875,95.45909660819125,179.48
720,55.249216603313975,95.473903337385,179.59
721,55.21064086576627,95.48871007148514,179.70000000000002
722,55.179507233401345,95.50351682036681,179.81060514161618
723,55.14033909780125,95.51832357467018,179.92332405343114
724,55.11,95.53313033828685,180.03604296524608
725,55.07998518083593,95.5479371068912,180.14876187706105
726,55.04015050655269,95.56139817244959,180.26147901756127
727,55.00968898658585,95.57384751515666,180.37419467702296
728,54.97046574784025,95.58860921845064,180.48691033648464
729,54.939385065091955,95.60577343347073,180.5996259959463
730,54.90075857294314,95.6219709931233,180.7123388100852
731,54.86910333969329,95.63677776921736,180.8250511697754
732,54.831029195394876,95.65158454224313,180.9377635294656
733,54.800000000000004,95.66639130902941,181.05072050425747
734,54.76872239749854,95.68119807202463,181.16482706285566
735,54.73139347148232,95.6960048236009,181.2789336214539
736,54.69849621788835,95.71155138044442,181.39304018005208
737,54.661608532952535,95.73073980883184,181.50841278368074
738,54.628292277400185,95.74957496984815,181.62513437163818
739,54.59180134967958,95.76476826639879,181.74185595959563
740,54.56,95.77996156321784,181.85857754755304
741,54.528028089206316,95.79515489333491,181.97407346064077
742,54.49204884223149,95.81034822345197,182.08924036455065
743,54.45787979409246,95.8255415898298,182.20440726846056
744,54.42218600059595,95.84073495903974,182.31976218443808
745,54.38775377490117,95.85904974565334,182.43706300434098
746,54.35230087824569,95.87792796519531,182.55436382424392
747,54.32000000000001,95.89484135880744,182.67166464414683
748,54.287606534076446,95.91115659238294,182.78896672131532
749,54.252431398245974,95.92670220247061,182.90627082151616
750,54.21753624520585,95.94189572419366,183.023574921717
751,54.182490534526714,95.96,183.14087902191787
752,54.15,95.98,183.26
753,54.11747264050003,95.9974764885788,183.38
754,54.08253740277668,96.01267014149443,183.5
755,54.04745813469117,96.03,183.62
756,54.01254074617054,96.05,183.74
757,53.98,96.06825131147347,183.86
758,53.947478240713835,96.08344511919796,183.98
759,53.912503889793626,96.1,184.1003124283165
760,53.879999999999995,96.12,184.22160563339327
761,53.84754860550862,96.13902675798664,184.34289883847
762,53.81241676705265,96.1542207441388,184.46419204354677
763,53.77762344796641,96.17,184.5855359825497
764,53.74233074866493,96.19,184.70692702909187
765,53.71,96.21,184.82831807563406
766,53.67777762611297,96.23,184.94970912217624
767,53.642159801022764,96.25,185.07211907454317
768,53.61,96.26538558929239,185.19479841932593
769,53.577982119176916,96.28057988959218,185.31747776410873
770,53.541938532123986,96.3,185.44031382396335
771,53.51,96.32,185.5656657973037
772,53.47823694577718,96.33999999999999,185.69101777064404
773,53.441666923738595,96.36,185.8163697439844
774,53.41,96.38000000000001,185.94122079774763
775,53.378542123410085,96.4,186.06501565820784
776,53.34134495871501,96.42,186.18881051866802
777,53.308773556149234,96.44,186.3126053791282
778,53.27110233141815,96.46,186.43819422637625
779,53.24,96.48,186.56508149774115
780,53.20916268842139,96.5,186.691968769106
781,53.17069640305894,96.52,186.8188560404709
782,53.14,96.54,186.94648509712982
783,53.109602213902406,96.56,187.07426190344606
784,53.070240076588675,96.58,187.2020387097623
785,53.04,96.6,187.32977904972896
786,53.01,96.61999999999999,187.4571164044261
787,52.97974663466017,96.64,187.58445375912328
788,52.94041063264353,96.66,187.71179111382042
789,52.91,96.68,187.8396230540576
790,52.87929160919451,96.7,187.96847143376243
791,52.84084888045689,96.72,188.0973198134673
792,52.81,96.74,188.22616819317213
793,52.778886922047036,96.76,188.3563215715851
794,52.741236784644265,96.78,188.48747174663254
795,52.71,96.80077059285965,188.61862192167993
796,52.67853258891274,96.82162270654521,188.74977209672736
797,52.64157432972919,96.84502438144972,188.88
798,52.61,96.86897583586838,189.01000000000002
799,52.58,96.89,189.14000000000001
800,52.548138499197975,96.91,189.27008574352985
801,52.51194602775615,96.93133891260149,189.4027379828302
802,52.48,96.95337087318225,189.53539022213056
803,52.45,96.9758292506555,189.6680424614309
804,52.41783398898224,96.99860029841153,189.80069470073127
805,52.382228137831454,97.02000000000001,189.9333469400316
806,52.35,97.04,190.06599917933198
807,52.317664413063824,97.0619820917176,190.19865141863232
808,52.282380908193176,97.08678457146824,190.33166720616583
809,52.25,97.11000000000001,190.46505906963242
810,52.22,97.13000000000001,190.59845093309903
811,52.18751674742377,97.15119141983995,190.73184279656562
812,52.15250615917809,97.17599343650815,190.86617476973177
813,52.12,97.2007293247327,191.00087029113106
814,52.09,97.22513213513955,191.13556581253033
815,52.05745875291741,97.24920227586688,191.27026133392962
816,52.02254173065285,97.2696012212348,191.40747842766447
817,51.99,97.29000200504909,191.5448261883641
818,51.96,97.31480327776154,191.68217394906375
819,51.9274904633595,97.339604550474,191.8195217097634
820,51.89248758856755,97.36440558602456,191.95686947046303
821,51.86,97.38920660028842,192.09421723116267
822,51.83,97.41099489399446,192.2315649918623
823,51.8,97.43218675019621,192.36891275256195
824,51.76765630241903,97.45639130946931,192.5062605132616
825,51.732293697258584,97.48159082983796,192.64360827396123
826,51.7,97.50545977890536,192.78095603466087
827,51.67,97.5286692440216,192.92000000000002
828,51.63788997950066,97.5528097068022,193.06
829,51.602037567571095,97.57760962808159,193.20000000000002
830,51.57,97.60240940474864,193.34
831,51.54,97.62720903795433,193.48
832,51.51,97.65200854811654,193.62
833,51.47830839816432,97.67680788731512,193.76
834,51.44159106850806,97.70160712606771,193.90026187974198
835,51.41,97.72640616532455,194.04291411904234
836,51.38,97.75120512776492,194.1855663583427
837,51.35,97.77600386114409,194.32821859764306
838,51.32,97.80080254237181,194.47087083694342
839,51.28899588531946,97.82560096393617,194.61352307624378
840,51.2508698611636,97.85039972805679,194.75617531554414
841,51.22,97.87520226526746,194.8988275548445
842,51.19,97.90000480247812,195.04179418741057
843,51.16,97.92959149207238,195.185009914665
844,51.12972338894711,97.95918260633255,195.32822564191943
845,51.09011423523025,97.9843885862178,195.47144136917385
846,51.060000607752606,98.00918603006284,195.6158583062752
847,51.03,98.03499594913599,195.76059929692184
848,51.0,98.06101275406228,195.9053402875685
849,50.97,98.08642284371803,196.05012518843844
850,50.94,98.11162607743807,196.1974274798907
851,50.90918065354218,98.13865609492562,196.344729771343
852,50.870955731810064,98.16662297251415,196.49203206279526
853,50.84,98.19416930229048,196.6393455735512
854,50.81,98.22140620986585,196.78669333425083
855,50.78,98.24764495430378,196.9340410949505
856,50.75,98.27284924897116,197.08138885565012
857,50.72,98.3,197.22873661634978
858,50.68834391996484,98.33,197.3760843770494
859,50.65175313647593,98.35846313150884,197.52343213774907
860,50.62,98.38366816322487,197.6707798984487
861,50.589999999999996,98.41,197.82
862,50.56,98.44,197.97
863,50.53000000000001,98.46928415923,198.12
864,50.5,98.49448995180937,198.27
865,50.47,98.52,198.42000000000002
866,50.44,98.55,198.57000000000002
867,50.40767287612865,98.58000000000001,198.72
868,50.372373549406895,98.6094904605836,198.87026510887688
869,50.34,98.63896916189346,199.02187037502162
870,50.31,98.66510527778065,199.1734756411664
871,50.28,98.69083351958831,199.32508090731113
872,50.25,98.72,199.47685908053322
873,50.22,98.75,199.62890236263212
874,50.19,98.78,199.78094564473105
875,50.16,98.81,199.93298892682998
876,50.13,98.84,200.0864462955322
877,50.1,98.87,200.24075446518958
878,50.07,98.89858443050557,200.39506263484697
879,50.04,98.9259855826928,200.54937080450438
880,50.00750889362713,98.95357276834696,200.70434053448238
881,49.972464234494524,98.981380466086,200.85942340762355
882,49.94,99.01,201.01450628076472
883,49.910000000000004,99.03999999999999,201.16962618599396
884,49.88,99.07,201.32515227005422
885,49.85,99.1,201.48067835411447
886,49.82,99.1308344778291,201.63620443817476
887,49.79,99.1651101036997,201.7924916879829
888,49.76,99.19898206798749,201.95044840588398
889,49.73,99.22949597945657,202.10840512378505
890,49.7,99.26,202.26636184168612
891,49.67,99.28999999999999,202.42464625540694
892,49.64,99.32,202.58320673554454
893,49.61,99.35,202.74176721568213
894,49.58,99.38,202.90032769581973
895,49.55,99.41,203.06
896,49.52,99.44,203.22
897,49.49,99.4736087780458,203.38
898,49.46,99.50839601794192,203.53999999999996
899,49.43,99.53999999999999,203.7
900,49.4,99.57,203.86
901,49.37,99.6,204.02
902,49.34,99.63,204.18033092912998
903,49.31,99.66232844511462,204.34176005906255
904,49.28,99.69711421076012,204.50318918899512
905,49.25,99.73,204.6646183189277
906,49.220000000000006,99.76,204.82717554957526
907,49.19,99.79147014452298,204.9910508982434
908,49.16,99.82625489736797,205.15492624691154
909,49.13,99.86090742670534,205.31880159557966
910,49.1,99.89508365103133,205.4819779662664
911,49.07,99.92880639462035,205.6448414210965
912,49.04,99.95941434148017,205.8077048759266
913,49.01,99.99017535938539,205.97056833075666
914,48.98,100.02495854143557,206.1354840193046
915,48.95,100.05974172348574,206.3005772823756
916,48.92,100.0945243964872,206.4656705454466
917,48.89,100.12930704043272,206.63104225594813
918,48.86,100.16096513889234,206.79799227497605
919,48.83,100.19209381173188,206.96494229400398
920,48.80184838674199,100.22634698546847,207.13189231303193
921,48.77806550877238,100.26156542689105,207.29899330112687
922,48.75,100.29543684199778,207.4663410618265
923,48.72,100.32865260260297,207.63368882252612
924,48.69,100.36277745032119,207.80103658322577
925,48.660000000000004,100.39755789947947,207.97
926,48.63,100.43233807288796,208.14
927,48.6,100.46711795831173,208.30999999999997
928,48.57,100.50189761751577,208.48
929,48.54,100.5366769331853,208.64999999999998
930,48.51,100.57145607341685,208.82
931,48.48,100.60623481331008,208.98999999999998
932,48.452505766265446,100.64101342980548,209.16012729988287
933,48.427476543600115,100.67579158789786,209.33198925080472
934,48.4,100.71112446872624,209.50385120172658
935,48.37,100.75055479282838,209.67571315264843
936,48.34,100.78986680611993,209.84762913486446
937,48.31,100.8247685739748,210.01967241696337
938,48.28,100.85967034182964,210.1917156990623
939,48.25,100.89517195284357,210.36375898116123
940,48.22,100.93071681373817,210.53686173359722
941,48.19245876570558,100.96599264263367,210.71091321847751
942,48.167575148361266,101.00121688537385,210.8849647033578
943,48.14,101.03875817722928,211.05901618823813
944,48.11,101.07709173789044,211.23401640556276
945,48.08,101.11448661915207,211.40932088416346
946,48.05,101.15137831598898,211.58462536276417
947,48.02,101.18857012336437,211.7599298413649
948,47.99210045365231,101.2260010349134,211.93523431996562
949,47.96797380142145,101.26360032011759,212.11053879856635
950,47.94,101.30139579730088,212.28584327716706
951,47.910000000000004,101.3387246404107,212.46146569788613
952,47.88,101.37524810942573,212.63823958070188
953,47.85,101.4123637641972,212.81501346351763
954,47.82,101.45106783405068,212.99178734633338
955,47.79145915931666,101.49,213.17000000000002
956,47.76865563947924,101.53,213.35
957,47.74,101.56961756118473,213.53
958,47.71,101.60484687356836,213.71
959,47.68,101.640076185952,213.89000000000001
960,47.650827019677095,101.68,214.07
961,47.629316875887184,101.72,214.25
962,47.6,101.76,214.43
963,47.56999999999999,101.80000000000001,214.61
964,47.54,101.84,214.79000000000002
965,47.51004855660948,101.88,214.97
966,47.48987957908638,101.92,215.15035746738926
967,47.459999999999994,101.96,215.3330097066896
968,47.43,102.0,215.51566194598996
969,47.4,102.04,215.69831418529031
970,47.37074592778806,102.08000000000001,215.88135881059313
971,47.34911228529596,102.12,216.06508790740173
972,47.32,102.16,216.24881700421034
973,47.29,102.2,216.43254610101894
974,47.26127834324426,102.24,216.61684923641576
975,47.23860304051237,102.28,216.80154475781504
976,47.21,102.32,216.98624027921431
977,47.18,102.36,217.1709358006136
978,47.15,102.4,217.35781566100644
979,47.121813326711504,102.44,217.5451634217061
980,47.09809713140745,102.48002957949572,217.73251118240572
981,47.07,102.52479263541449,217.91975777501688
982,47.04,102.56955569133326,218.10520331051222
983,47.01213649008173,102.61,218.29064884600757
984,46.98779732229678,102.65,218.47609438150292
985,46.96,102.69112664763904,218.66261575937563
986,46.932317490114706,102.73252290776142,218.85186574527955
987,46.90763389655075,102.77531047176795,219.0411157311835
988,46.88,102.81867528101012,219.23036571708744
989,46.85,102.86142713335133,219.42000000000002
990,46.8224767015143,102.90378096621976,219.61
991,46.79749819983135,102.94616111571594,219.8
992,46.77,102.98856700831912,219.99
993,46.74,103.03192429254776,220.18005591143188
994,46.7125417074422,103.07668288728321,220.3701312650319
995,46.68745680754844,103.12115138136717,220.56020661863187
996,46.66,103.16495230100493,220.75028197223187
997,46.632528397303844,103.20818119299554,220.9427877861216
998,46.60748789617473,103.24913794832034,221.13536467182197
999,46.58,103.29047244376952,221.3279415575223
1000,46.55246169108838,103.33524536556698,nan
1001,46.52757244202737,103.38001828736442,nan
1002,46.5,103.42475724983164,nan
1003,46.47234140292179,103.46949609307222,nan
1004,46.447710633418396,103.51424909901262,nan
1005,46.42,103.55900379014543,nan
1006,46.392167339563144,103.60375785231037,nan
1007,46.367902666079665,103.64851174776331,nan
1008,46.34,103.693265092418,nan
1009,46.31193930024548,103.73801818605729,nan
1010,46.28814874332245,103.78421496246582,nan
1011,46.26,103.83144415384297,nan
1012,46.231657076515354,103.87772500978448,nan
1013,46.20844907619812,103.92297353818716,nan
1014,46.18,103.96822237351019,nan
1015,46.151320452071445,104.0134717221479,nan
1016,46.12880388366012,104.05893083570733,nan
1017,46.1,104.10495936743033,nan
1018,46.070929202601675,104.15151117864193,nan
1019,46.04921339272713,104.20073295836654,nan
1020,46.02063790791835,104.2497238441412,nan
1021,45.99951690438073,104.29497569953261,nan
1022,45.97,104.34022755492403,nan
1023,45.94015481611737,104.38548022550277,nan
1024,45.91998223425352,104.43073293711598,nan
1025,45.89,104.48,nan
1026,45.860356139714604,104.53,nan
1027,45.839483802962405,104.5787082320861,nan
1028,45.81067025035276,104.6269596835092,nan
1029,45.78918170861105,104.67442301085141,nan
1030,45.76,104.7214265253753,nan
1031,45.731096303024444,104.77,nan
1032,45.7087737434361,104.82,nan
1033,45.681350163703286,104.87,nan
1034,45.658531984350354,104.92,nan
1035,45.63157980350352,104.96854154262323,nan
1036,45.60831448174171,105.01379945493534,nan
1037,45.57999999999999,105.06,nan
1038,45.55187869190363,105.11,nan
1039,45.52803386776151,105.16000000000001,nan
1040,45.50204746236137,105.21,nan
1041,45.47787732728112,105.25999999999999,nan
1042,45.452191753646126,105.30999999999999,nan
1043,45.42774530463406,105.36,nan
1044,45.40231148798824,105.41,nan
1045,45.37763787849081,105.46,nan
1046,45.35,105.5112636700945,nan
1047,45.3224448706589,105.56292710689691,nan
1048,45.297523034295104,105.61550552754979,nan
1049,45.27250286048257,105.66857905443709,nan
1050,45.247477455591465,105.72,nan
1051,45.2225360067813,105.77,nan
1052,45.197456763219556,105.82,nan
1053,45.172544223465955,105.87,nan
1054,45.147461044222595,105.92148661340723,nan
1055,45.122527422533224,105.9762204576137,nan
1056,45.09749038757005,106.02999999999999,nan
1057,45.072485514041475,106.08,nan
1058,45.04754488418177,106.13041982574617,nan
1059,45.02241840608649,106.18515176921439,nan
1060,44.99762462695243,106.23988371268258,nan
1061,44.97232600477704,106.29461470373914,nan
1062,44.947729710775995,106.34934567080055,nan
1063,44.922208214210265,106.401029023604,nan
1064,44.8978602325704,106.45222321277184,nan
1065,44.872064936446925,106.50516729232704,nan
1066,44.84801629130243,106.55870238148405,nan
1067,44.82189607148646,106.61299253820137,nan
1068,44.7981979880127,106.66772059547884,nan
1069,44.771701517241866,106.72244814396515,nan
1070,44.75,106.7771752188274,nan
1071,44.728518830485555,106.83190189582578,nan
1072,44.70136128994892,106.88662798202247,nan
1073,44.67876507803164,106.94135378316524,nan
1074,44.65110205194267,106.99607887444202,nan
1075,44.629037333895056,107.05080379537011,nan
1076,44.60081675055067,107.1055278854685,nan
1077,44.57933570876306,107.16026802620503,nan
1078,44.5505052739816,107.21529303699039,nan
1079,44.53,107.27031804777575,nan
1080,44.50983268013645,107.32919704514003,nan
1081,44.480011056259876,107.38833925213993,nan
1082,44.459810651710534,107.44502183088967,nan
1083,44.430361086655275,107.50115841690236,nan
1084,44.40947355344424,107.55669526158599,nan
1085,44.38068541469839,107.61197526662403,nan
1086,44.36,107.67,nan
1087,44.33901587815486,107.73000000000002,nan
1088,44.31112383356676,107.78781842884217,nan
1089,44.28874290103617,107.84310050605875,nan
1090,44.26138390404128,107.9,nan
1091,44.239999999999995,107.96000000000001,nan
1092,44.2183819234591,108.01905685122706,nan
1093,44.19172541525417,108.07482325516774,nan
1094,44.168173763771684,108.13097327628488,nan
1095,44.14192052474436,108.19049115555505,nan
1096,44.120000000000005,108.25000903482523,nan
1097,44.09791055521166,108.31,nan
1098,44.07216404613789,108.37,nan
1099,44.05,108.43,nan
1100,44.027706545077706,108.49,nan
1101,44.002348231275995,108.55,nan
1102,43.98,108.61,nan
1103,43.95756215094023,108.67,nan
1104,43.93247265848993,108.73,nan
1105,43.91,108.79,nan
1106,43.88747780273696,108.85,nan
1107,43.86253689367113,108.90999999999998,nan
1108,43.84,108.97,nan
1109,43.81745394299123,109.03115344581924,nan
1110,43.792540490052104,109.09586059798576,nan
1111,43.769999999999996,109.16,nan
1112,43.74749102703284,109.22,nan
1113,43.72248298798472,109.28,nan
1114,43.7,109.34468460152533,nan
1115,43.67758952322154,109.40938949787765,nan
1116,43.65236391471573,109.47,nan
1117,43.63,109.53,nan
1118,43.60774991317334,109.59350012582922,nan
1119,43.58218278415968,109.65820277134482,nan
1120,43.56,109.72147893577653,nan
1121,43.53999999999999,109.78387270955547,nan
1122,43.51806090333105,109.8462239770887,nan
1123,43.49184387762308,109.90853115365927,nan
1124,43.47,109.97170749805116,nan
1125,43.44836766119896,110.03640671962013,nan
1126,43.42151597977959,110.10110566958805,nan
1127,43.4,110.16580373710516,nan
1128,43.38,110.23051284363997,nan
1129,43.35887569489759,110.29531426223849,nan
1130,43.330979480199176,110.36011568083703,nan
1131,43.31,110.42540878406818,nan
1132,43.29,110.49071307746311,nan
1133,43.26949808296356,110.55887720044356,nan
1134,43.24032829661595,110.6275533670899,nan
1135,43.22,110.69476048126641,nan
1136,43.2,110.76139062896813,nan
1137,43.18,110.82724413878199,nan
1138,43.15959593964574,110.89255197235597,nan
1139,43.13057546257004,110.95855438190647,nan
1140,43.11,111.02538500545681,nan
1141,43.09,111.09275024045841,nan
1142,43.06895228541318,111.16122903234269,nan
1143,43.0411910791775,111.23,nan
1144,43.02,111.3,nan
1145,43.0,111.36972241056756,nan
1146,42.98,111.43503507397816,nan
1147,42.9583062803395,111.50034773738874,nan
1148,42.931801569292524,111.57,nan
1149,42.910000000000004,111.64,nan
1150,42.89,111.71,nan
1151,42.87,111.78,nan
1152,42.85,111.85,nan
1153,42.82776713196546,111.92,nan
1154,42.80229738205948,111.99000000000001,nan
1155,42.78,112.06,nan
1156,42.76,112.13,nan
1157,42.739999999999995,112.19999999999999,nan
1158,42.72,112.26999999999998,nan
1159,42.7,112.33999999999999,nan
1160,42.67746967787878,112.41053129141558,nan
1161,42.6525432349145,112.48520993728776,nan
1162,42.63,112.55988858315995,nan
1163,42.61,112.63,nan
1164,42.59,112.7,nan
1165,42.57,112.77391959804896,nan
1166,42.55,112.84859567677731,nan
1167,42.53,112.92,nan
1168,42.50757683867481,112.99,nan
1169,42.48237564046511,113.06261974413935,nan
1170,42.46,113.13729326123753,nan
1171,42.44,113.21196623523254,nan
1172,42.42,113.28663846179286,nan
1173,42.4,113.36112736903112,nan
1174,42.379999999999995,113.43514611499596,nan
1175,42.36,113.50934677712408,nan
1176,42.34,113.58466840408798,nan
1177,42.32,113.65999003105188,nan
1178,42.3,113.73533046574396,nan
1179,42.279999999999994,113.81067093573448,nan
1180,42.25865909822605,113.88600504732474,nan
1181,42.23119957888906,113.9613380893457,nan
1182,42.21,114.03667207545158,nan
1183,42.190000000000005,114.11200644104672,nan
1184,42.17,114.18847408679959,nan
1185,42.15,114.26579682637968,nan
1186,42.13,114.34341384821317,nan
1187,42.11000000000001,114.4214273737335,nan
1188,42.09,114.49886677038167,nan
1189,42.07,114.5748404267722,nan
1190,42.04999999999999,114.65127623848105,nan
1191,42.03,114.73064114185586,nan
1192,42.01,114.81000604523066,nan
1193,41.99,114.89,nan
1194,41.97,114.97,nan
1195,41.949999999999996,115.05,nan
1196,41.92999999999999,115.13,nan
1197,41.91,115.21,nan
1198,41.89,115.29,nan
1199,41.87,115.37000000000002,nan
1200,41.85,115.45,nan
1201,41.830000000000005,115.53,nan
1202,41.81,115.61,nan
1203,41.79,115.69000000000001,nan
1204,41.77,115.77,nan
1205,41.75,115.85047595814827,nan
1206,41.73235384883825,115.9351265403006,nan
1207,41.71759286564279,116.01977712245292,nan
1208,41.7,116.10000000000001,nan
1209,41.68,116.18,nan
1210,41.660000000000004,116.26372350498269,nan
1211,41.64,116.34837124285548,nan
1212,41.62,116.43151712207248,nan
1213,41.6,116.51385274006695,nan
1214,41.58,116.59769000435256,nan
1215,41.56,116.68304510607557,nan
1216,41.54,116.76840070021693,nan
1217,41.52,116.85375723164634,nan
1218,41.50243979182787,116.93911403720696,nan
1219,41.48760843719818,117.0244720049561,nan
1220,41.47,117.10980992110781,nan
1221,41.45,117.19462044638867,nan
1222,41.43,117.27943097166953,nan
1223,41.410000000000004,117.36521061617059,nan
1224,41.39,117.45112027521564,nan
1225,41.37,117.53663253568214,nan
1226,41.351808785861714,117.62199490189802,nan
1227,41.33830993236579,117.71000000000001,nan
1228,41.32,117.80000000000001,nan
1229,41.3,117.88808636834997,nan
1230,41.279999999999994,117.97345166809393,nan
1231,41.26,118.06,nan
1232,41.24096103946146,118.14999999999999,nan
1233,41.22921212403366,118.24,nan
1234,41.21,118.33,nan
1235,41.18999999999999,118.42,nan
1236,41.17,118.50999999999999,nan
1237,41.15000265776152,118.59999999999998,nan
1238,41.13979198534222,118.68999999999998,nan
1239,41.12,118.77999999999999,nan
1240,41.1,118.86999999999999,nan
1241,41.08078763492235,118.96,nan
1242,41.069036904846534,119.05,nan
1243,41.05,119.14,nan
1244,41.03,119.23118281863411,nan
1245,41.010000000000005,119.32519562539579,nan
1246,40.99157524955526,119.41875869976603,nan
1247,40.97829433342405,119.50936985907747,nan
1248,40.96,119.5999810183889,nan
1249,40.94193907045578,119.69447753723733,nan
1250,40.92795802515523,119.7890985970532,nan
1251,40.91,119.88133785142549,nan
1252,40.89,119.97299991103999,nan
1253,40.87229499633817,120.0670435270222,nan
1254,40.85763936821536,120.16242555026619,nan
1255,40.839999999999996,120.25780831015302,nan
1256,40.82246358762598,120.3531918850109,nan
1257,40.80749917894259,120.448575940744,nan
1258,40.790000000000006,120.54396107394655,nan
1259,40.772546579069385,120.6393464301145,nan
1260,40.757444985292,120.73473313714221,nan
1261,40.74,120.83011984416994,nan
1262,40.72254277439168,120.92912683202233,nan
1263,40.707477992516,121.02823037589873,nan
1264,40.690000000000005,121.12506411861739,nan
1265,40.672450950242904,121.22135017402054,nan
1266,40.657599433086844,121.32,nan
1267,40.64,121.42,nan
1268,40.62226985575809,121.51785060503684,nan
1269,40.607810567140426,121.61324369008501,nan
1270,40.59,121.71,nan
1271,40.57199821210918,121.81,nan
1272,40.55811268292655,121.91,nan
1273,40.54176616688192,122.00999999999999,nan
1274,40.5283652879496,122.10999999999999,nan
1275,40.51,122.21,nan
1276,40.49134068872701,122.31,nan
1277,40.47882198054273,122.4135854902014,nan
1278,40.461004843987894,122.51818590581198,nan
1279,40.44917888898649,122.61999999999999,nan
1280,40.43062676885861,122.71999999999998,nan
1281,40.41957823452444,122.82198220754798,nan
1282,40.40020562905954,122.92657936155584,nan
1283,40.389980064895916,123.03,nan
1284,40.370245377460726,123.13000000000001,nan
1285,40.3595396898346,123.23040256491461,nan
1286,40.34,123.3354417466385,nan
1287,40.32085970211476,123.44048092836239,nan
1288,40.30895594091016,123.5458530397467,nan
1289,40.29121812125311,123.65126089203525,nan
1290,40.27861816348183,123.75666995013982,nan
1291,40.2615351524143,123.86207946465001,nan
1292,40.2483219839157,123.96748989214818,nan
1293,40.231810374282475,124.07290107572376,nan
1294,40.22,124.18,nan
1295,40.207956640674624,124.29,nan
1296,40.19214387771712,124.39913891067707,nan
1297,40.177766326273094,124.5045534529409,nan
1298,40.162312692134684,124.61,nan
1299,40.147619122680815,124.72,nan
1300,40.13243817325567,124.83,nan
1301,40.11751547648616,124.93621829405758,nan
1302,40.102519871255524,125.04163628838828,nan
1303,40.09,125.15,nan
1304,40.07744267021509,125.26,nan
1305,40.062559324837615,125.37,nan
1306,40.047449914100554,125.48,nan
1307,40.03252955406023,125.59114682377201,nan
1308,40.02,125.7053088051164,nan
1309,40.00754562606983,125.81913110011709,nan
1310,39.992399605704406,125.92954583188272,nan
1311,39.98,126.03996056364835,nan
1312,39.967744590111735,126.15116568755737,nan
1313,39.95216585978864,126.26245386652477,nan
1314,39.94,126.37517564375453,nan
1315,39.92804845432437,126.48845956294005,nan
1316,39.91182665653717,126.60242620846152,nan
1317,39.9,126.71699607034768,nan
1318,39.888458902026265,126.83156533145292,nan
1319,39.871380300765765,126.94613344007945,nan
1320,39.86,127.06072677807946,nan
1321,39.84897765232326,127.17545916684456,nan
1322,39.83082506131208,127.29019155560965,nan
1323,39.82,127.4090007419641,nan
1324,39.81,127.52796377482959,nan
1325,39.799842201744305,127.64500310181052,nan
1326,39.780084849290205,127.7614769304385,nan
1327,39.769999999999996,127.87837949291746,nan
1328,39.76,127.99559105277403,nan
1329,39.74923233145908,128.11319770021439,nan
1330,39.73097124659086,128.23142588210712,nan
1331,39.72,128.35,nan
1332,39.71,128.46999999999997,nan
1333,39.7,128.58999999999997,nan
1334,39.68833405724988,128.71,nan
1335,39.67180937724355,128.83,nan
1336,39.66,128.95000000000002,nan
1337,39.65,129.07,nan
1338,39.64,129.1916296334337,nan
1339,39.63,129.31430196394072,nan
1340,39.617658308796926,129.43664662547295,nan
1341,39.602410693981135,129.55852540554724,nan
1342,39.59,129.68096235565255,nan
1343,39.58,129.80543568307482,nan
1344,39.57,129.929911444165,nan
1345,39.56,130.05453259177733,nan
1346,39.550000000000004,130.17915373938968,nan
1347,39.54,130.30371223148714,nan
1348,39.527464587491444,130.42825667736435,nan
1349,39.51250116460768,130.55279998074332,nan
1350,39.5,130.67734257307072,nan
1351,39.49,130.80336795818778,nan
1352,39.48,130.9314835649341,nan
1353,39.47,131.05903454055823,nan
1354,39.46,131.18449567648605,nan
1355,39.45,131.31,nan
1356,39.44,131.44,nan
1357,39.43,131.57,nan
1358,39.42,131.7,nan
1359,39.41,131.83,nan
1360,39.4,131.96,nan
1361,39.39,132.09,nan
1362,39.38,132.22,nan
1363,39.37,132.35,nan
1364,39.36,132.48,nan
1365,39.35,132.61,nan
1366,39.34,132.74000000000004,nan
1367,39.33,132.87443499811377,nan
1368,39.32,133.00896234072337,nan
1369,39.31088289242208,133.14153109909674,nan
1370,39.30890515620419,133.27351747136004,nan
1371,39.3,133.407462029365,nan
1372,39.29,133.54293853192155,nan
1373,39.28,133.67841571186895,nan
1374,39.27,133.81389414770155,nan
1375,39.26,133.94937285690165,nan
1376,39.25,134.08485326279512,nan
1377,39.24218603544216,134.2203336686886,nan
1378,39.23771516741814,134.35581593063432,nan
1379,39.23,134.4912983405298,nan
1380,39.22,134.63,nan
1381,39.21,134.77,nan
1382,39.2,134.91000000000003,nan
1383,39.192559078897226,135.05,nan
1384,39.18743064408159,135.18991569463597,nan
1385,39.18,135.32961735712016,nan
1386,39.17,135.46935846598984,nan
1387,39.16250940960703,135.60965666868904,nan
1388,39.15754113913835,135.7499548713882,nan
1389,39.15,135.89,nan
1390,39.14,136.02999999999997,nan
1391,39.13221420565992,136.17167310007846,nan
1392,39.127898664938066,136.3143279119046,nan
1393,39.12,136.45665213126208,nan
1394,39.11,136.5985021563619,nan
1395,39.10166742215789,136.74088356427808,nan
1396,39.09850930692469,136.8855249672748,nan
1397,39.09,137.0301663702715,nan
1398,39.08108850697392,137.17564015328495,nan
1399,39.07913714926014,137.32114060757002,nan
1400,39.07,137.468398708608,nan
1401,39.06036190890524,137.61625366052724,nan
1402,39.05991529046054,137.76400067077122,nan
1403,39.050196259528,137.911649256994,nan
1404,39.04953184316695,138.06,nan
1405,39.04,138.21,nan
1406,39.030961075397634,138.3596714466383,nan
1407,39.028816393963304,138.50518009768888,nan
1408,39.02139004898788,138.65068874873947,nan
1409,39.01841969804802,138.8014476841453,nan
1410,39.011754261941604,138.95315758113838,nan
1411,39.00808817472249,139.10552881429325,nan
1412,39.0,139.25830690837228,nan
1413,38.99217734379041,139.41000000000003,nan
1414,38.987714911882854,139.56,nan
1415,38.982376014082334,139.7107216410001,nan
1416,38.97754998550702,139.86520467716585,nan
1417,38.972506981442244,140.01968771333162,nan
1418,38.97,140.17416874898603,nan
1419,38.96743062026194,140.32864963485127,nan
1420,38.96257459166834,140.4831290607315,nan
1421,38.957437668702774,140.63760785684016,nan
1422,38.95253248709267,140.7936872514984,nan
1423,38.94751505321377,140.95160157557024,nan
1424,38.94241959736925,141.10896141473276,nan
1425,38.93766367491103,141.2644868212815,nan
1426,38.93223501544472,141.42001222783028,nan
1427,38.93,141.57999999999998,nan
1428,38.92802217770146,141.74,nan
1429,38.921821706020566,141.9,nan
1430,38.92,142.06,nan
1431,38.91854615360616,142.22,nan
1432,38.911241865675755,142.38,nan
1433,38.91,142.54,nan
1434,38.909238796803244,142.70000000000002,nan
1435,38.90049227940161,142.86021026805804,nan
1436,38.899997931782224,143.02467404144696,nan
1437,38.89989866100189,143.18913781483585,nan
1438,38.89039715609459,143.35359983655906,nan
1439,38.89,143.51806143895058,nan
1440,38.89,143.68252182096458,nan
1441,38.88882511827742,143.8469812653101,nan
1442,38.88139714344947,144.01144001006506,nan
1443,38.88,144.17589728896033,nan
1444,38.88,144.34076728954983,nan
1445,38.88,144.51041290029295,nan
1446,38.87790199817842,144.68005851103604,nan
1447,38.872225543660335,144.84628235975936,nan
1448,38.87,145.01182954211507,nan
1449,38.87,145.18,nan
1450,38.87,145.35000000000002,nan
1451,38.87,145.52,nan
1452,38.87,145.69000000000003,nan
1453,38.867419482014455,145.86041914316434,nan
1454,38.86257008647784,146.03486530358424,nan
1455,38.86,146.20931146400414,nan
1456,38.86,146.381521566434,nan
1457,38.86,146.55332194020525,nan
1458,38.86,146.7256230958907,nan
1459,38.86,146.89826530829177,nan
1460,38.86,147.07152482122882,nan
1461,38.86,147.24596428094813,nan
1462,38.86,147.42080706164126,nan
1463,38.86,147.59968136620412,nan
1464,38.86,147.77855567076696,nan
1465,38.86,147.9552637018787,nan
1466,38.86,148.13155062633348,nan
1467,38.86,148.31,nan
1468,38.86,148.48999999999998,nan
1469,38.86,148.67,nan
1470,38.86,148.85,nan
1471,38.86,149.03,nan
1472,38.86,149.21,nan
1473,38.86123344730231,149.39000000000001,nan
1474,38.868533711045636,149.57161007143415,nan
1475,38.87,149.7535956584381,nan
1476,38.87,149.93583115642167,nan
1477,38.87,150.11827001363483,nan
1478,38.87,150.30128503247178,nan
1479,38.87230467743224,150.4857061632347,nan
1480,38.877593851922825,150.67025444955928,nan
1481,38.88,150.85909190297338,nan
1482,38.88,151.04792935638747,nan
1483,38.88,151.23506766531196,nan
1484,38.882586284978196,151.4216860360695,nan
1485,38.88742588896474,151.60999999999999,nan
1486,38.89,151.79999999999998,nan
1487,38.89,151.98899106235973,nan
1488,38.8923977843634,152.17471486341103,nan
1489,38.89770812223461,152.36043866446232,nan
1490,38.9,152.55444978355678,nan
1491,38.902008404421046,152.74872361938858,nan
1492,38.90816948708964,152.94,nan
1493,38.91,153.13,nan
1494,38.91140160058406,153.3219037915685,nan
1495,38.91884975119134,153.5163084298792,nan
1496,38.92,153.71079084805612,nan
1497,38.92057291879929,153.90567593435696,nan
1498,38.9297559350319,154.1005610206578,nan
1499,38.930100420391405,154.2960827863094,nan
1500,38.93955893038662,154.4916829882055,nan
1501,38.94075520228597,154.68821718195434,nan
1502,38.94895481133762,154.88532995769128,nan
1503,38.95,155.08291592226422,nan
1504,38.951552044753335,155.28140653400766,nan
1505,38.95823142711912,155.48000000000002,nan
1506,38.96196027152734,155.68,nan
1507,38.96787303282579,155.88,nan
1508,38.972268485203095,156.08347511190834,nan
1509,38.98,156.28786525616604,nan
1510,38.98752471559952,156.49,nan
1511,38.99254021078254,156.69,nan
1512,38.99742075003746,156.89107608427713,nan
1513,39.00259222173875,157.09566168922842,nan
1514,39.007421055224086,157.30024729417968,nan
1515,39.01253923659943,157.5058173927455,nan
1516,39.02,157.7114346085531,nan
1517,39.02762020902351,157.91820188253345,nan
1518,39.032259682832866,158.125528785075,nan
1519,39.04,158.33323249559155,nan
1520,39.04806223957039,158.54152618290792,nan
1521,39.05173556848133,158.75,nan
1522,39.06,158.96,nan
1523,39.07,159.17,nan
1524,39.079038221259246,159.38,nan
1525,39.08064746756053,159.59000000000003,nan
1526,39.09,159.80233052648262,nan
1527,39.1,160.01670096663287,nan
1528,39.10957128558412,160.2310707971159,nan
1529,39.110764110538156,160.44543875033568,nan
1530,39.12,160.6598067035555,nan
1531,39.13,160.8741721794305,nan
1532,39.14,161.08853754059862,nan
1533,39.14817088287108,161.30472056505144,nan
1534,39.15202523577419,161.52181931417314,nan
1535,39.16,161.73999999999998,nan
1536,39.17,161.95999999999998,nan
1537,39.18,162.17972794889783,nan
1538,39.19,162.39630794283,nan
1539,39.199999999999996,162.61288793676215,nan
1540,39.21,162.83483442898049,nan
1541,39.22,163.05825243712172,nan
1542,39.23,163.28,nan
1543,39.24,163.49999999999997,nan
1544,39.25,163.72092164934983,nan
1545,39.26,163.94573928403096,nan
1546,39.27,164.17055691871212,nan
1547,39.28,164.3961196790355,nan
1548,39.29,164.62177215489308,nan
1549,39.3,164.85000000000002,nan
1550,39.31,165.08,nan
1551,39.32,165.3087369103848,nan
1552,39.33,165.53439448033134,nan
1553,39.34,165.7600520502779,nan
1554,39.35,165.99,nan
1555,39.36065478942202,166.22,nan
1556,39.379008561245094,166.4529654195204,nan
1557,39.39,166.68730258474758,nan
1558,39.4,166.9215223463583,nan
1559,39.410000000000004,167.15554897711942,nan
1560,39.42202378601134,167.38961916221655,nan
1561,39.437797826822134,167.6242588254047,nan
1562,39.45,167.8588984885928,nan
1563,39.46,168.0951082356542,nan
1564,39.47254236601447,168.33180678743736,nan
1565,39.48741000524159,168.56804119186233,nan
1566,39.5,168.80371452207754,nan
1567,39.51258518108382,169.04,nan
1568,39.52746773902607,169.28,nan
1569,39.54,169.52,nan
1570,39.5523241890171,169.76173818048144,nan
1571,39.56783144932214,170.0038354127376,nan
1572,39.58,170.24599722505198,nan
1573,39.59175284192133,170.4882199347253,nan
1574,39.608507723919345,170.73096078352174,nan
1575,39.62119623647635,170.9757852946516,nan
1576,39.639135528373934,171.22060980578144,nan
1577,39.650496728525866,171.46619497313588,nan
1578,39.669910270076386,171.7118817359262,nan
1579,39.68032296642502,171.96,nan
1580,39.699288190122864,172.21,nan
1581,39.711062767482765,172.46,nan
1582,39.728621392522925,172.71000000000004,nan
1583,39.74165907380904,172.96000000000004,nan
1584,39.75809609113456,173.21000000000004,nan
1585,39.77211285346312,173.46,nan
1586,39.78771435315862,173.71186951649736,nan
1587,39.80242202665426,173.96498685898686,nan
1588,39.82,174.21875610334493,nan
1589,39.837415511772676,174.4742401621472,nan
1590,39.85261003729949,174.7297242209495,nan
1591,39.87,174.98562153082898,nan
1592,39.88745157181614,175.2415407224036,nan
1593,39.902460727586,175.49732709698063,nan
1594,39.92,175.75303290967034,nan
1595,39.93782983400376,176.01,nan
1596,39.95196675272975,176.27,nan
1597,39.97,176.53,nan
1598,39.99,176.79152168156645,nan
1599,40.01,177.0531009951085,nan
1600,40.0292409710841,177.31539306584753,nan
1601,40.04035716614008,177.57810062245525,nan
1602,40.0600029950847,177.841324824671,nan
1603,40.08,178.10576324426927,nan
1604,40.1,178.3702016638675,nan
1605,40.12,178.64000000000001,nan
1606,40.14,178.91,nan
1607,40.16,179.17731627963394,nan
1608,40.17793184571146,179.4430388156702,nan
1609,40.19225956772519,179.71006162244345,nan
1610,40.21,179.98027442520788,nan
1611,40.230000000000004,180.25048722797231,nan
1612,40.25,180.52435485192947,nan
1613,40.27,180.79841395298388,nan
1614,40.29,181.0726009253239,nan
1615,40.309999999999995,181.34686990552458,nan
1616,40.33244653938753,181.6212260525375,nan
1617,40.35769507245335,181.895821767359,nan
1618,40.38,182.17041748218045,nan
1619,40.400000000000006,182.45000000000002,nan
1620,40.419999999999995,182.73000000000002,nan
1621,40.44,183.01,nan
1622,40.459999999999994,183.29,nan
1623,40.48,183.57,nan
1624,40.5000887104861,183.85,nan
1625,40.5296298593545,184.13000000000002,nan
1626,40.55,184.41374889755716,nan
1627,40.57,184.69800349461394,nan
1628,40.59151583477285,184.98185316102928,nan
1629,40.61819112701002,185.26534480557285,nan
1630,40.63999999999999,185.5498672159679,nan
1631,40.66,185.8391244840128,nan
1632,40.682420304779335,186.12838175205775,nan
1633,40.707466207257966,186.41536071312566,nan
1634,40.73,186.7018570382628,nan
1635,40.75262329317028,186.99176844132543,nan
1636,40.77740136510638,187.2855312894355,nan
1637,40.80252725382066,187.57904030399828,nan
1638,40.82759119039544,187.87056022449667,nan
1639,40.85,188.1620801449951,nan
1640,40.87202936030937,188.45680224800077,nan
1641,40.89823233553853,188.7525651435191,nan
1642,40.92145752391362,189.04832917702151,nan
1643,40.94890141181393,189.3440949564334,nan
1644,40.97069050474352,189.64,nan
1645,40.99977315448359,189.94,nan
1646,41.02025484012653,190.23999999999998,nan
1647,41.05,190.54,nan
1648,41.07887303625448,190.84000000000003,nan
1649,41.10148762912137,191.14128623582513,nan
1650,41.12820042190233,191.44551152479494,nan
1651,41.15206245057906,191.74973681376474,nan
1652,41.18,192.05395921191192,nan
1653,41.207560484941496,192.35818141803364,nan
1654,41.23255297621851,192.66432542607254,nan
1655,41.25999999999999,192.9719234693864,nan
1656,41.29,193.28000000000003,nan
1657,41.31741135483541,193.59000000000003,nan
1658,41.342497720039624,193.90000000000003,nan
1659,41.37,194.21,nan
1660,41.400000000000006,194.52,nan
1661,41.43000000000001,194.83176062307155,nan
1662,41.45839013186968,195.14563922245318,nan
1663,41.48125495288288,195.4595698018864,nan
1664,41.50999999999999,195.77410830406498,nan
1665,41.54,196.08864680624353,nan
1666,41.57,196.4049475553777,nan
1667,41.6,196.72199694836726,nan
1668,41.63,197.04000000000002,nan
1669,41.66,197.36,nan
1670,41.69,197.68,nan
1671,41.72,198.0017386605716,nan
1672,41.75000000000001,198.32358267458838,nan
1673,41.78,198.6457116523163,nan
1674,41.81,198.96806386702903,nan
1675,41.84,199.29148296466477,nan
1676,41.87,199.6198665368157,nan
1677,41.9,199.94825010896662,nan
1678,41.93,200.27529014455124,nan
1679,41.962298020184924,200.60197577018624,nan
1680,41.9979275603926,200.93000000000004,nan
1681,42.03,201.26000000000005,nan
1682,42.059999999999995,201.59006172208478,nan
1683,42.09,201.92424411858647,nan
1684,42.120584880735144,202.25842651508816,nan
1685,42.159935452452004,202.5926070052412,nan
1686,42.18999696689991,202.92678634563856,nan
1687,42.22094762319267,203.26208765309494,nan
1688,42.25863304858702,203.60112269408205,nan
1689,42.29,203.94015773506914,nan
1690,42.32202912157565,204.28,nan
1691,42.35772890976539,204.62,nan
1692,42.39245306154893,204.95999999999998,nan
1693,42.427425407451935,205.29999999999995,nan
1694,42.46,205.64017522730308,nan
1695,42.49263454894271,205.98434187008633,nan
1696,42.527427924414496,206.32850851286958,nan
1697,42.56244736438376,206.67470413587927,nan
1698,42.597740040516484,207.02203098199837,nan
1699,42.63200940241811,207.36900056346812,nan
1700,42.67,207.7148402323845,nan
1701,42.70868301521152,208.0606799013009,nan
1702,42.740874194117765,208.41347771373026,nan
1703,42.77964089973803,208.76763479818104,nan
1704,42.81019184430806,209.12000000000003,nan
1705,42.85000000000001,209.47,nan
1706,42.888804483124225,209.82019676287317,nan
1707,42.921598080127296,210.1784979951562,nan
1708,42.96,210.5367992274392,nan
1709,43.0,210.89457849364993,nan
1710,43.03758244420005,211.2520302021947,nan
1711,43.07255970940321,211.61,nan
1712,43.11,211.97,nan
1713,43.15,212.33,nan
1714,43.19,212.6932725431429,nan
1715,43.23,213.05741346249664,nan
1716,43.27,213.42161750836476,nan
1717,43.30799705817037,213.78592659862514,nan
1718,43.34167057572897,214.15023568888554,nan
1719,43.38,214.51999999999998,nan
1720,43.42000000000001,214.89,nan
1721,43.46000000000001,215.26,nan
1722,43.5,215.63,nan
1723,43.54087424441846,216.00014927363227,nan
1724,43.58865949820343,216.3714017622711,nan
1725,43.63000000000001,216.7426542509099,nan
1726,43.67,217.1171269922862,nan
1727,43.71,217.49300248984312,nan
1728,43.75,217.8688788863981,nan
1729,43.79,218.2447576886591,nan
1730,43.83265547254703,218.62063649092008,nan
1731,43.87737735921554,219.00202962078745,nan
1732,43.92,219.3844299571816,nan
1733,43.96,219.76656774699057,nan
1734,44.00208149659443,220.14833860372295,nan
1735,44.04824823878163,220.5301094604553,nan
1736,44.09000000000001,220.9159435961271,nan
1737,44.13086497958345,221.3018325083675,nan
1738,44.17970265738527,221.69,nan
1739,44.220299990650496,222.08,nan
1740,44.26912989876249,222.47000000000006,nan
1741,44.31135563157318,222.86000000000004,nan
1742,44.35823448929086,223.25000000000003,nan
1743,44.40209917783619,223.64211603416902,nan
1744,44.44764393101768,224.03521209964538,nan
1745,44.49253561699825,224.42899585709995,nan
1746,44.53736274845701,224.8248982132204,nan
1747,44.58266039906927,225.22080056934084,nan
1748,44.629999999999995,225.61670569010815,nan
1749,44.677531077241866,226.01261148216497,nan
1750,44.72225313566296,226.41148151174596,nan
1751,44.769999999999996,226.81557236741708,nan
1752,44.81842146901686,227.21966322308816,nan
1753,44.861118530505706,227.6219838515747,nan
1754,44.91,228.0241456736848,nan
1755,44.959999999999994,228.42807605609528,nan
1756,45.01,228.83399204867428,nan
1757,45.058801452964516,229.24000000000004,nan
1758,45.10165103445414,229.65000000000003,nan
1759,45.150000000000006,230.06,nan
1760,45.20000000000001,230.47205370381826,nan
1761,45.25000000000001,230.88564539619787,nan
1762,45.300000000000004,231.29935218443222,nan
1763,45.35,231.71391065961416,nan
1764,45.400000000000006,232.1284691347961,nan
1765,45.449999999999996,232.5448463033642,nan
1766,45.49999999999999,232.962143066742,nan
1767,45.55,233.37999999999997,nan
1768,45.601553625206165,233.79999999999998,nan
1769,45.65893205706339,234.22,nan
1770,45.71,234.64216750906348,nan
1771,45.760000000000005,235.0650646850312,nan
1772,45.81,235.4888351169891,nan
1773,45.86132396070453,235.9147755513559,nan
1774,45.9182289149203,236.34071598572268,nan
1775,45.97,236.77,nan
1776,46.0223983567422,237.2,nan
1777,46.077422809887494,237.63,nan
1778,46.13266527315181,238.06000000000003,nan
1779,46.18733806024157,238.49000000000004,nan
1780,46.24,238.9256943875957,nan
1781,46.29237834081566,239.36208869725917,nan
1782,46.34790327543808,239.79829722948335,nan
1783,46.401720990433496,240.23424997093701,nan
1784,46.46000000000001,240.67020271239068,nan
1785,46.51931557402861,241.10999999999999,nan
1786,46.570022214904654,241.54999999999998,nan
1787,46.63000143832339,241.99193906324822,nan
1788,46.68877648378359,242.4359863217945,nan
1789,46.74170488749563,242.88004911162588,nan
1790,46.8,243.32596827273872,nan
1791,46.86,243.7718874338516,nan
1792,46.91742555983502,244.22000000000003,nan
1793,46.97267041706999,244.67000000000004,nan
1794,47.029999999999994,245.1201090632206,nan
1795,47.09,245.57174467305552,nan
1796,47.15,246.02338028289043,nan
1797,47.21,246.47758835128863,nan
1798,47.27,246.93354109274233,nan
1799,47.33,247.39000000000001,nan
1800,47.39,247.85000000000002,nan
1801,47.45,248.31,nan
1802,47.510000000000005,248.77,nan
1803,47.56999999999999,249.23000000000002,nan
1804,47.63,249.69095581218278,nan
1805,47.692218154195814,250.15616609510087,nan
1806,47.757520989895674,250.62137637801897,nan
1807,47.82000000000001,251.08711576582547,nan
1808,47.88000000000001,251.55306850727916,nan
1809,47.94263505804217,252.02022411213835,nan
1810,48.00752431612291,252.49115084377854,nan
1811,48.07220932907659,252.96207757541876,nan
1812,48.13816478400975,253.43469577230027,nan
1813,48.199999999999996,253.9078162992064,nan
1814,48.26076058316743,254.38263736747885,nan
1815,48.32994538070088,254.8614223234801,nan
1816,48.3906576624285,255.34020727948135,nan
1817,48.46,255.82,nan
1818,48.52822120944707,256.29999999999995,nan
1819,48.59217378978713,256.7814513367303,nan
1820,48.66,257.26549859527665,nan
1821,48.72736748521839,257.74954585382295,nan
1822,48.792694622843236,258.23568796555276,nan
1823,48.86,258.7220948531835,nan
1824,48.92999999999999,259.21,nan
1825,48.99779786947155,259.70000000000005,nan
1826,49.06180894648519,260.19000000000005,nan
1827,49.129999999999995,260.6820090426563,nan
1828,49.2,261.17413237900917,nan
1829,49.27000000000001,261.6680760778066,nan
1830,49.34,262.1640288192603,nan
1831,49.410000000000004,262.6600000000001,nan
1832,49.48,263.1600000000001,nan
1833,49.552274132807504,263.66,nan
1834,49.62746667213449,264.16,nan
1835,49.7,264.6600000000001,nan
1836,49.77,265.16035862928544,nan
1837,49.84,265.66605663872144,nan
1838,49.91237542388494,266.17175464815745,nan
1839,49.98796708072358,266.68,nan
1840,50.06,267.19,nan
1841,50.130978109188504,267.7004910247492,nan
1842,50.20974969540745,268.21453828329555,nan
1843,50.280506582719404,268.7285855418419,nan
1844,50.35880410471416,269.24263280038815,nan
1845,50.431748252379435,269.7566800589345,nan
1846,50.51,270.27166635860124,nan
1847,50.5875203568093,270.79093904112045,nan
1848,50.662656858586146,271.31021172363967,nan
1849,50.739999999999995,271.83286909311977,nan
1850,50.817370253188315,272.3569163516661,nan
1851,50.89242357183792,272.88118786031583,nan
1852,50.97,273.4061769915571,nan
1853,51.050000000000004,273.9311661227984,nan
1854,51.13,274.46,nan
1855,51.209999999999994,274.99,nan
1856,51.29,275.521199902944,nan
1857,51.37,276.0552471614903,nan
1858,51.45,276.5892944200366,nan
1859,51.53,277.1254975410696,nan
1860,51.60999999999999,277.6621558624867,nan
1861,51.69,278.2,nan
1862,51.77,278.74,nan
1863,51.85260547620617,279.28000000000003,nan
1864,51.937635520929085,279.8220994110802,nan
1865,52.02,280.3644741812194,nan
1866,52.10146810916941,280.9083275115929,nan
1867,52.18918925400796,281.4542802530466,nan
1868,52.270011597940254,282.0002329945003,nan
1869,52.35920936354936,282.55,nan
1870,52.44145756185973,283.09999999999997,nan
1871,52.52801584973861,283.6519087811386,nan
1872,52.61237038478437,284.20595603968496,nan
1873,52.7,284.7600065964626,nan
1874,52.78728229020976,285.3181011135552,nan
1875,52.87267674548085,285.8761956306478,nan
1876,52.96,286.43630823681144,nan
1877,53.04999999999999,286.99821042148756,nan
1878,53.14,287.5602395909629,nan
1879,53.23,288.1242868495092,nan
1880,53.319999999999986,288.68833410805547,nan
1881,53.41,289.2544827279795,nan
1882,53.50000000000001,289.8221013613777,nan
1883,53.59000000000001,290.3901680947602,nan
1884,53.68000000000001,290.96159769397315,nan
1885,53.769999999999996,291.533027293186,nan
1886,53.86,292.10738234066656,nan
1887,53.95269650215012,292.68333508212027,nan
1888,54.04747739556504,293.26,nan
1889,54.14,293.84,nan
1890,54.23171245048862,nan,nan
1891,54.32892601882965,nan,nan
1892,54.42026172869942,nan,nan
1893,54.51941579769589,nan,nan
1894,54.61134068146464,nan,nan
1895,54.71,nan,nan
1896,54.80764803360845,nan,nan
1897,54.90262121429369,nan,nan
1898,55.00000000000001,nan,nan
1899,55.100000000000016,nan,nan
1900,55.2,nan,nan
1901,55.3,nan,nan
1902,55.400000000000006,nan,nan
1903,55.49999999999999,nan,nan
1904,55.60000000000001,nan,nan
1905,55.7,nan,nan
1906,55.8,nan,nan
1907,55.9,nan,nan
1908,56.002492635143845,nan,nan
1909,56.107302535767126,nan,nan
1910,56.21,nan,nan
1911,56.3126008710234,nan,nan
1912,56.41770297382342,nan,nan
1913,56.52182119023152,nan,nan
1914,56.6288278639838,nan,nan
1915,56.730348630092564,nan,nan
1916,56.840020233718064,nan,nan
1917,56.948636447354176,nan,nan
1918,57.0519723695683,nan,nan
1919,57.16,nan,nan
1920,57.269999999999996,nan,nan
1921,57.38,nan,nan
1922,57.49000000000001,nan,nan
1923,57.60000000000001,nan,nan
1924,57.71,nan,nan
1925,57.82000000000001,nan,nan
1926,57.93002279253568,nan,nan
1927,58.04049966061567,nan,nan
1928,58.158682667412826,nan,nan
1929,58.27,nan,nan
1930,58.382404960257354,nan,nan
1931,58.49732770877022,nan,nan
1932,58.6127535389269,nan,nan
1933,58.730000000000004,nan,nan
1934,58.84764754085921,nan,nan
1935,58.961867451689024,nan,nan
1936,59.08000000000001,nan,nan
1937,59.199699235125706,nan,nan
1938,59.31063259360444,nan,nan
1939,59.43,nan,nan
1940,59.54999999999999,nan,nan
1941,59.67,nan,nan
1942,59.790000000000006,nan,nan
1943,59.91274874454965,nan,nan
1944,60.037418216710456,nan,nan
1945,60.16,nan,nan
1946,60.279999999999994,nan,nan
1947,60.40087625295169,nan,nan
1948,60.52992273023449,nan,nan
1949,60.651024383230954,nan,nan
1950,60.77823630456709,nan,nan
1951,60.902301257275205,nan,nan
1952,61.029999999999994,nan,nan
1953,61.1572346414044,nan,nan
1954,61.282688993802886,nan,nan
1955,61.41,nan,nan
1956,61.53999999999999,nan,nan
1957,61.67,nan,nan
1958,61.79999999999999,nan,nan
1959,61.930000000000014,nan,nan
1960,62.06000000000002,nan,nan
1961,62.19,nan,nan
1962,62.322569780428694,nan,nan
1963,62.45724155849263,nan,nan
1964,62.59,nan,nan
1965,62.722487712778644,nan,nan
1966,62.857974739581195,nan,nan
1967,62.991342694602956,nan,nan
1968,63.12997319992264,nan,nan
1969,63.26938713638765,nan,nan
1970,63.401482814323316,nan,nan
1971,63.539999999999985,nan,nan
1972,63.679999999999986,nan,nan
1973,63.81999999999999,nan,nan
1974,63.96,nan,nan
1975,64.1,nan,nan
1976,64.24000000000001,nan,nan
1977,64.38,nan,nan
1978,64.52033823852146,nan,nan
1979,64.66931895394431,nan,nan
1980,64.81,nan,nan
1981,64.95220929858681,nan,nan
1982,65.10000000000001,nan,nan
1983,65.24721864371138,nan,nan
1984,65.3927143080111,nan,nan
1985,65.54,nan,nan
1986,65.6881342625112,nan,nan
1987,65.83108086192087,nan,nan
1988,65.98,nan,nan
1989,66.13000000000002,nan,nan
1990,66.28000000000002,nan,nan
1991,66.43,nan,nan
1992,66.58270836414638,nan,nan
1993,66.73720998653857,nan,nan
1994,66.89,nan,nan
1995,67.04221055525511,nan,nan
1996,67.19845403458962,nan,nan
1997,67.350598155225,nan,nan
1998,67.50953706980229,nan,nan
1999,67.66144744158177,nan,nan
2000,67.82,nan,nan
2001,67.97999999999999,nan,nan
2002,68.13720822087664,nan,nan
2003,68.2927285187675,nan,nan
2004,68.45,nan,nan
2005,68.61182413047767,nan,nan
2006,68.77902063183629,nan,nan
2007,68.9399876114935,nan,nan
2008,69.09999999999998,nan,nan
2009,69.26197739316072,nan,nan
2010,69.4274916043163,nan,nan
2011,69.5927740166522,nan,nan
2012,69.75722760767864,nan,nan
2013,69.92250164954018,nan,nan
2014,70.08999999999999,nan,nan
2015,70.2588547312427,nan,nan
2016,70.42005583707869,nan,nan
2017,70.59000591861694,nan,nan
2018,70.76000000000002,nan,nan
2019,70.93,nan,nan
2020,71.10000000000001,nan,nan
2021,71.27278604750035,nan,nan
2022,71.44747790575788,nan,nan
2023,71.62,nan,nan
2024,71.79114615971001,nan,nan
2025,71.9699730926293,nan,nan
2026,72.14109868823871,nan,nan
2027,72.32000000000001,nan,nan
2028,72.49748569714123,nan,nan
2029,72.6727901660786,nan,nan
2030,72.85000000000001,nan,nan
2031,73.03,nan,nan
2032,73.20999999999998,nan,nan
2033,73.38999999999999,nan,nan
2034,73.57000000000001,nan,nan
2035,73.75000000000003,nan,nan
2036,73.93210845928331,nan,nan
2037,74.11738540051897,nan,nan
2038,74.3028213320853,nan,nan
2039,74.48727343086989,nan,nan
2040,74.67232821221039,nan,nan
2041,74.85837584756064,nan,nan
2042,75.04061227100863,nan,nan
2043,75.23003845219658,nan,nan
2044,75.42,nan,nan
2045,75.61000000000001,nan,nan
2046,75.8,nan,nan
2047,75.99,nan,nan
